<?xml version="1.0" encoding="UTF-8"?>
<beans xmlns="http://www.springframework.org/schema/beans"
	xmlns:context="http://www.springframework.org/schema/context"
	xmlns:mvc="http://www.springframework.org/schema/mvc" 
	xmlns:xsi="http://www.w3.org/2001/XMLSchema-instance"
	xmlns:tx="http://www.springframework.org/schema/tx"
	xsi:schemaLocation="
        http://www.springframework.org/schema/beans     
        http://www.springframework.org/schema/beans/spring-beans-3.0.xsd
        http://www.springframework.org/schema/context 
        http://www.springframework.org/schema/context/spring-context-3.0.xsd
        http://www.springframework.org/schema/mvc
        http://www.springframework.org/schema/mvc/spring-mvc-3.0.xsd
        http://www.springframework.org/schema/tx 
        http://www.springframework.org/schema/tx/spring-tx-3.2.xsd">
        
	<!-- Bean for class Employee: -->
      <bean id="emp" class="com.cg.springsassignment.services.Employee">
       <!-- Parameter Injection.-->
       	<property name="employeeId" value="1001"></property> 
       	<property name="employeeName" value="Samridhi"></property> 
       	<property name="salary" value="120000"></property> 
       	<property name="businessUnit" value="Developer"></property> 
       	 <!-- Object injection: -->
       		 <property name="sbu" ref="first"></property>
       </bean>
       	 
       	 <bean id="first" class="com.cg.springsassignment.services.SBU">
       	 <property name="sbuCode" value="PES-BU"></property>
       	 <property name="sbuName" value="Kiran rao"></property>
       	 <property name="sbuHead" value="Product Engg. Services"></property>
       	 </bean>
</beans>